"ID","Type","SKU","Name","Published","Is featured?","Visibility in catalogue","Short description","Description","Date sale price starts","Tax status","Tax class","In stock?","Stock","Low stock amount","Backorders allowed?","Sold individually?","WeightKG","LengthCM","WidthCM","HeightCM","Allow customer reviews?","Purchase note","Sale price","Regular price","Categories","Tags","ShippingClass","Position","Images","Attribute 1 name","Attribute 1 value(s)","Attribute 1 visible","Attribute 1 global","Attribute 2 name","Attribute 2 value(s)","Attribute 2 visible","Attribute 2 global","Attribute 3 name","Attribute 3 value(s)","Attribute 3 visible","Attribute 3 global","Attribute 4 name","Attribute 4 value(s)","Attribute 4 visible","Attribute 4 global","Attribute 5 name","Attribute 5 value(s)","Attribute 5 visible","Attribute 5 global","Attribute 6 name","Attribute 6 value(s)","Attribute 6 visible","Attribute 6 global","Attribute 7 name","Attribute 7 value(s)","Attribute 7 visible","Attribute 7 global","Attribute 8 name","Attribute 8 value(s)","Attribute 8 visible","Attribute 8 global","Attribute 9 name","Attribute 9 value(s)","Attribute 9 visible","Attribute 9 global","Attribute 10 name","Attribute 10 value(s)","Attribute 10 visible","Attribute 10 global","Attribute 11 name","Attribute 11 value(s)","Attribute 11 visible","Attribute 11 global"
,"variable",,"Plastic Business Card Printing",1,0,"visible","Standout from the crowd with our personalised PVC plastic business cards!
Our plastic business cards are custom printed in full colour on solid PVC and can be personalised to both sides. The waterproof plastic stock creates a higher perceived value compared to its paper based counterparts. As a result these cards create a superior first impression and are more likely to be retained.
Simply order online, send us your design template and we’ll do the rest!","Product Specifications
Solid white plastic business cards
570 micron white PVC stock
Printed in stunning full colour
Single or double sided print
Min. order 100 plastic cards
Membership, loyalty discount cards
FREE NATIONWIDE UK DELIVERY

",,"taxable",,1,,,0,0,,,,,1,,"£90.00","£90.00","Business Card Printing",,,0,"https://cheapasprints-woocart.b-cdn.net/wp-content/uploads/2018/12/plastic-business-cards-p-600x551.png","Size","[""85mm (w) x 55mm (h)"",""85mm (w) x 55mm (h)"",""85mm (w) x 55mm (h)"",""55mm (w) x 55mm (h)"",""85mm (w) x 55mm (h)"",""85mm (w) x 55mm (h)"",""55mm (w) x 55mm (h)"",""85mm (w) x 55mm (h)"","" 85mm (w) x 55mm (h)"",""85mm (w) x 55mm (h)"",""55mm (w) x 55mm (h)"",""85mm (w) x 25mm (h)"",""85mm (w) x 55mm (h)""]",1,1,"Material","[""570 Mic White PVC"",""450GSM Silk"",""300GSM Magnetic"",""350GSM Silk"",""350GSM Uncoated"",""350GSM Silk"",""350GSM Uncoated"",""810GSM Uncoated"",""810GSM Kraft Brown"",""350GSM Silk"",""450GSM Silk"",""350GSM Uncoated"",""500 Mic Transparent PVC"",""450GSM Silk"",""350GSM Kraft Brown"",""350GSM Pearl""]",1,1,"Print Options","[""Single Sided"",""Double Sided"",""Single Sided"",""Double Sided"",""Single Sided"",""Single Sided"",""Double Sided"",""Single Sided"",""Double Sided"",""Single Sided"",""Double Sided"",""Single Sided"",""Double Sided"",""Single Sided"",""Double Sided"",""Single Sided"",""Single Sided"",""Double Sided"",""Single Sided"",""Double Sided""]",1,1,"","[""No Lamination"",""Matt Lamination"",""Gloss Lamination"",""Soft Touch Lamination"",""Anti-Bacterial Gloss Lamination"",""Anti-Bacterial Matt Lamination"",""No Lamination"",""Matt Lamination"",""Gloss Lamination"",""Soft Touch Lamination"",""No Lamination"",""Matt Lamination"",""Gloss Lamination"",""Soft Touch Lamination"",""Anti-Bacterial Gloss Lamination"",""Anti-Bacterial Matt Lamination"",""No Lamination"",""Matt Lamination"",""Gloss Lamination"",""Soft Touch Lamination"",""No Lamination"",""Matt Lamination"",""Gloss Lamination"",""Soft Touch Lamination"",""Matt Lamination"",""Matt Lamination"",""Gloss Lamination"",""Soft Touch Lamination""]",1,1,"Artwork","[""Supplying Own [£0]"",""Design [£30]"",""Supplying Own [£0]"",""Design [£30]"",""Supplying Own [£0]"",""Design [£30]"",""Supplying Own [£0]"",""Design [£30]"",""Supplying Own [£0]"",""Design [£30]"",""Supplying Own [£0]"",""Design [£30]"",""Supplying Own [£0]"",""Design [£30]"",""Supplying Own [£0]"",""Design [£30]"",""Supplying Own [£0]"",""Design [£30]"",""Supplying Own [£0]"",""Design [£30]"",""Supplying Own [£0]"",""Design [£30]""]",1,1,"PDF Proof","[""No Proof Required [£0]"",""Proof Required [£2.50]"",""No Proof Required [£0]"",""Proof Required [£2.50]"",""No Proof Required [£0]"",""Proof Required [£2.50]"",""No Proof Required [£0]"",""Proof Required [£2.50]"",""No Proof Required [£0]"",""Proof Required [£2.50]"",""No Proof Required [£0]"",""Proof Required [£2.50]"",""No Proof Required [£0]"",""Proof Required [£2.50]"",""No Proof Required [£0]"",""Proof Required [£2.50]"",""No Proof Required [£0]"",""Proof Required [£2.50]"",""No Proof Required [£0]"",""Proof Required [£2.50]"",""No Proof Required [£0]"",""Proof Required [£2.50]""]",1,1,"Quantity","[""100"",""250"",""500"",""1000"",""2000"",""3000"",""4000"",""5000"",""100"",""250"",""500"",""1000"",""2000"",""5000"",""10000"",""50"",""100"",""250"",""500"",""1000"",""2000"",""5000"",""10000"",""100"",""250"",""500"",""1000"",""2000"",""5000"",""10000"",""100"",""250"",""500"",""1000"",""2000"",""5000"",""50"",""100"",""250"",""500"",""1000"",""2000"",""100"",""250"",""500"",""1000"",""2000"",""5000"",""10000"",""100"",""250"",""500"",""1000"",""2000"",""5000"",""10000"",""100"",""250"",""500"",""1000"",""2000"",""3000"",""4000"",""5000"",""100"",""250"",""500"",""1000"",""2000"",""5000"",""10000"",""100"",""250"",""500"",""1000"",""2000""]",1,1,"Delivery","[""7-8 Working Days"",""4-5 Working Days"",""3-4 Working Days"",""2-3 Working Days"",""6 Working Days"",""5 Working Days"",""4-5 Working Days"",""3-4 Working Days"",""2-3 Working Days"",""4-5 Working Days"",""3-4 Working Days"",""2-3 Working Days"",""8-9 Working Days"",""5-6 Working Days"",""4-5 Working Days"",""4-5 Working Days"",""3-4 Working Days"",""2-3 Working Days"",""4-5 Working Days"",""3-4 Working Days"",""2-3 Working Days"",""7-8 Working Days"",""4-5 Working Days"",""3-4 Working Days"",""2-3 Working Days"",""4-5 Working Days"",""3-4 Working Days"",""2-3 Working Days""]",1,1,"","[]",1,1,"","[]",1,1,"","[""Square Corners"",""Rounded Corners"",""Rounded Corners"",""Square Corners"",""Rounded Corners""]",1,1
,"variable",,"Laminated Business Card Printing",1,0,"visible","Premium quality 450gsm gloss, matt and velvety soft-touch matt laminated business cards.
Promote your business in style with our laminated business cards. These cards are printed on 450gsm silk stock for a luxury feel. Optional gloss, matt and velvety soft-touch lamination is available. Lamination enhances colours whilst protecting against spills.
Your designs can be printed single or double sided and all our prices are inclusive of FREE UK delivery!","Product Specifications
85 x 55mm business cards
450gsm thick silk stock
High quality premium feel
Various laminating options
Printed in stunning full colour
Single or double sided print
FREE NATIONWIDE UK DELIVERY

",,"taxable",,1,,,0,0,,,,,1,,"£12.00","£12.00","Business Card Printing",,,0,"https://cheapasprints-woocart.b-cdn.net/wp-content/uploads/laminated-business-card-printing-600x551.jpg","Size","[""85mm (w) x 55mm (h)"",""85mm (w) x 55mm (h)"",""85mm (w) x 55mm (h)"",""55mm (w) x 55mm (h)"",""85mm (w) x 55mm (h)"",""85mm (w) x 55mm (h)"",""55mm (w) x 55mm (h)"",""85mm (w) x 55mm (h)"","" 85mm (w) x 55mm (h)"",""85mm (w) x 55mm (h)"",""55mm (w) x 55mm (h)"",""85mm (w) x 25mm (h)"",""85mm (w) x 55mm (h)""]",1,1,"Material","[""570 Mic White PVC"",""450GSM Silk"",""300GSM Magnetic"",""350GSM Silk"",""350GSM Uncoated"",""350GSM Silk"",""350GSM Uncoated"",""810GSM Uncoated"",""810GSM Kraft Brown"",""350GSM Silk"",""450GSM Silk"",""350GSM Uncoated"",""500 Mic Transparent PVC"",""450GSM Silk"",""350GSM Kraft Brown"",""350GSM Pearl""]",1,1,"Print Options","[""Single Sided"",""Double Sided"",""Single Sided"",""Double Sided"",""Single Sided"",""Single Sided"",""Double Sided"",""Single Sided"",""Double Sided"",""Single Sided"",""Double Sided"",""Single Sided"",""Double Sided"",""Single Sided"",""Double Sided"",""Single Sided"",""Single Sided"",""Double Sided"",""Single Sided"",""Double Sided""]",1,1,"Lamination","[""No Lamination"",""Matt Lamination"",""Gloss Lamination"",""Soft Touch Lamination"",""Anti-Bacterial Gloss Lamination"",""Anti-Bacterial Matt Lamination"",""No Lamination"",""Matt Lamination"",""Gloss Lamination"",""Soft Touch Lamination"",""No Lamination"",""Matt Lamination"",""Gloss Lamination"",""Soft Touch Lamination"",""Anti-Bacterial Gloss Lamination"",""Anti-Bacterial Matt Lamination"",""No Lamination"",""Matt Lamination"",""Gloss Lamination"",""Soft Touch Lamination"",""No Lamination"",""Matt Lamination"",""Gloss Lamination"",""Soft Touch Lamination"",""Matt Lamination"",""Matt Lamination"",""Gloss Lamination"",""Soft Touch Lamination""]",1,1,"Artwork","[""Supplying Own [£0]"",""Design [£30]"",""Supplying Own [£0]"",""Design [£30]"",""Supplying Own [£0]"",""Design [£30]"",""Supplying Own [£0]"",""Design [£30]"",""Supplying Own [£0]"",""Design [£30]"",""Supplying Own [£0]"",""Design [£30]"",""Supplying Own [£0]"",""Design [£30]"",""Supplying Own [£0]"",""Design [£30]"",""Supplying Own [£0]"",""Design [£30]"",""Supplying Own [£0]"",""Design [£30]"",""Supplying Own [£0]"",""Design [£30]""]",1,1,"PDF Proof","[""No Proof Required [£0]"",""Proof Required [£2.50]"",""No Proof Required [£0]"",""Proof Required [£2.50]"",""No Proof Required [£0]"",""Proof Required [£2.50]"",""No Proof Required [£0]"",""Proof Required [£2.50]"",""No Proof Required [£0]"",""Proof Required [£2.50]"",""No Proof Required [£0]"",""Proof Required [£2.50]"",""No Proof Required [£0]"",""Proof Required [£2.50]"",""No Proof Required [£0]"",""Proof Required [£2.50]"",""No Proof Required [£0]"",""Proof Required [£2.50]"",""No Proof Required [£0]"",""Proof Required [£2.50]"",""No Proof Required [£0]"",""Proof Required [£2.50]""]",1,1,"Quantity","[""100"",""250"",""500"",""1000"",""2000"",""3000"",""4000"",""5000"",""100"",""250"",""500"",""1000"",""2000"",""5000"",""10000"",""50"",""100"",""250"",""500"",""1000"",""2000"",""5000"",""10000"",""100"",""250"",""500"",""1000"",""2000"",""5000"",""10000"",""100"",""250"",""500"",""1000"",""2000"",""5000"",""50"",""100"",""250"",""500"",""1000"",""2000"",""100"",""250"",""500"",""1000"",""2000"",""5000"",""10000"",""100"",""250"",""500"",""1000"",""2000"",""5000"",""10000"",""100"",""250"",""500"",""1000"",""2000"",""3000"",""4000"",""5000"",""100"",""250"",""500"",""1000"",""2000"",""5000"",""10000"",""100"",""250"",""500"",""1000"",""2000""]",1,1,"Delivery","[""7-8 Working Days"",""4-5 Working Days"",""3-4 Working Days"",""2-3 Working Days"",""6 Working Days"",""5 Working Days"",""4-5 Working Days"",""3-4 Working Days"",""2-3 Working Days"",""4-5 Working Days"",""3-4 Working Days"",""2-3 Working Days"",""8-9 Working Days"",""5-6 Working Days"",""4-5 Working Days"",""4-5 Working Days"",""3-4 Working Days"",""2-3 Working Days"",""4-5 Working Days"",""3-4 Working Days"",""2-3 Working Days"",""7-8 Working Days"",""4-5 Working Days"",""3-4 Working Days"",""2-3 Working Days"",""4-5 Working Days"",""3-4 Working Days"",""2-3 Working Days""]",1,1,"","[]",1,1,"","[]",1,1,"Corners","[""Square Corners"",""Rounded Corners"",""Rounded Corners"",""Square Corners"",""Rounded Corners""]",1,1
,"variable",,"Magnetic Business Card Printing",1,0,"visible","Boost brand awareness with our personalised promotional fridge magnet business cards.
Magnetic business cards provide a great alternative to traditional paper business cards. The material is more durable and tear-resistant. Suitable as promotional giveaways at events, fairs and exhibitions. Our magnetic business cards are printed full colour and include FREE rounded corners and protective lamination.
Why not order a set of vehicle magnets to compliment the magnetic business cards. Magnetic vehicle signs are perfect for attracting attention whilst your vehicle is in traffic or stationary.","Product Specifications
Promo magnetic business cards
300gsm magnetic material
Black magnetic surface on reverse
Printed in stunning full colour
Rounded corners for durability
Min. order 50 magnetic cards
For trade fairs & business events
FREE NATIONWIDE UK DELIVERY

",,"taxable",,1,,,0,0,,,,,1,,"£36.00","£36.00","Business Card Printing",,,0,"https://cheapasprints-woocart.b-cdn.net/wp-content/uploads/2018/06/magnetic-business-cards-600x551.png","Size","[""85mm (w) x 55mm (h)"",""85mm (w) x 55mm (h)"",""85mm (w) x 55mm (h)"",""55mm (w) x 55mm (h)"",""85mm (w) x 55mm (h)"",""85mm (w) x 55mm (h)"",""55mm (w) x 55mm (h)"",""85mm (w) x 55mm (h)"","" 85mm (w) x 55mm (h)"",""85mm (w) x 55mm (h)"",""55mm (w) x 55mm (h)"",""85mm (w) x 25mm (h)"",""85mm (w) x 55mm (h)""]",1,1,"Material","[""570 Mic White PVC"",""450GSM Silk"",""300GSM Magnetic"",""350GSM Silk"",""350GSM Uncoated"",""350GSM Silk"",""350GSM Uncoated"",""810GSM Uncoated"",""810GSM Kraft Brown"",""350GSM Silk"",""450GSM Silk"",""350GSM Uncoated"",""500 Mic Transparent PVC"",""450GSM Silk"",""350GSM Kraft Brown"",""350GSM Pearl""]",1,1,"Print Options","[""Single Sided"",""Double Sided"",""Single Sided"",""Double Sided"",""Single Sided"",""Single Sided"",""Double Sided"",""Single Sided"",""Double Sided"",""Single Sided"",""Double Sided"",""Single Sided"",""Double Sided"",""Single Sided"",""Double Sided"",""Single Sided"",""Single Sided"",""Double Sided"",""Single Sided"",""Double Sided""]",1,1,"Lamination","[""No Lamination"",""Matt Lamination"",""Gloss Lamination"",""Soft Touch Lamination"",""Anti-Bacterial Gloss Lamination"",""Anti-Bacterial Matt Lamination"",""No Lamination"",""Matt Lamination"",""Gloss Lamination"",""Soft Touch Lamination"",""No Lamination"",""Matt Lamination"",""Gloss Lamination"",""Soft Touch Lamination"",""Anti-Bacterial Gloss Lamination"",""Anti-Bacterial Matt Lamination"",""No Lamination"",""Matt Lamination"",""Gloss Lamination"",""Soft Touch Lamination"",""No Lamination"",""Matt Lamination"",""Gloss Lamination"",""Soft Touch Lamination"",""Matt Lamination"",""Matt Lamination"",""Gloss Lamination"",""Soft Touch Lamination""]",1,1,"Artwork","[""Supplying Own [£0]"",""Design [£30]"",""Supplying Own [£0]"",""Design [£30]"",""Supplying Own [£0]"",""Design [£30]"",""Supplying Own [£0]"",""Design [£30]"",""Supplying Own [£0]"",""Design [£30]"",""Supplying Own [£0]"",""Design [£30]"",""Supplying Own [£0]"",""Design [£30]"",""Supplying Own [£0]"",""Design [£30]"",""Supplying Own [£0]"",""Design [£30]"",""Supplying Own [£0]"",""Design [£30]"",""Supplying Own [£0]"",""Design [£30]""]",1,1,"PDF Proof","[""No Proof Required [£0]"",""Proof Required [£2.50]"",""No Proof Required [£0]"",""Proof Required [£2.50]"",""No Proof Required [£0]"",""Proof Required [£2.50]"",""No Proof Required [£0]"",""Proof Required [£2.50]"",""No Proof Required [£0]"",""Proof Required [£2.50]"",""No Proof Required [£0]"",""Proof Required [£2.50]"",""No Proof Required [£0]"",""Proof Required [£2.50]"",""No Proof Required [£0]"",""Proof Required [£2.50]"",""No Proof Required [£0]"",""Proof Required [£2.50]"",""No Proof Required [£0]"",""Proof Required [£2.50]"",""No Proof Required [£0]"",""Proof Required [£2.50]""]",1,1,"Quantity","[""100"",""250"",""500"",""1000"",""2000"",""3000"",""4000"",""5000"",""100"",""250"",""500"",""1000"",""2000"",""5000"",""10000"",""50"",""100"",""250"",""500"",""1000"",""2000"",""5000"",""10000"",""100"",""250"",""500"",""1000"",""2000"",""5000"",""10000"",""100"",""250"",""500"",""1000"",""2000"",""5000"",""50"",""100"",""250"",""500"",""1000"",""2000"",""100"",""250"",""500"",""1000"",""2000"",""5000"",""10000"",""100"",""250"",""500"",""1000"",""2000"",""5000"",""10000"",""100"",""250"",""500"",""1000"",""2000"",""3000"",""4000"",""5000"",""100"",""250"",""500"",""1000"",""2000"",""5000"",""10000"",""100"",""250"",""500"",""1000"",""2000""]",1,1,"Delivery","[""7-8 Working Days"",""4-5 Working Days"",""3-4 Working Days"",""2-3 Working Days"",""6 Working Days"",""5 Working Days"",""4-5 Working Days"",""3-4 Working Days"",""2-3 Working Days"",""4-5 Working Days"",""3-4 Working Days"",""2-3 Working Days"",""8-9 Working Days"",""5-6 Working Days"",""4-5 Working Days"",""4-5 Working Days"",""3-4 Working Days"",""2-3 Working Days"",""4-5 Working Days"",""3-4 Working Days"",""2-3 Working Days"",""7-8 Working Days"",""4-5 Working Days"",""3-4 Working Days"",""2-3 Working Days"",""4-5 Working Days"",""3-4 Working Days"",""2-3 Working Days""]",1,1,"","[]",1,1,"","[]",1,1,"Corners","[""Square Corners"",""Rounded Corners"",""Rounded Corners"",""Square Corners"",""Rounded Corners""]",1,1
,"variable",,"Cheap Business Card Printing",1,0,"visible","Our cheapest business cards printed on economy 350gsm silk or uncoated stock.
Our 350gsm economy business cards offers a combination of quality and affordability. The silk stock has a very light sheen and will compliment any colourful design. The uncoated stock has no sheen and perfect for writing on with a pen.
Our prices include FREE UK shipping. Simply order online, send us your business card design template and we will do the rest!","Product Specifications
85 x 55mm business cards
350gsm silk or uncoated stock
Printed in stunning full colour
Single or double sided print
Optional lamination available
FREE NATIONWIDE UK DELIVERY

",,"taxable",,1,,,0,0,,,,,1,,"£9.00","£9.00","Business Card Printing",,,0,"https://cheapasprints-woocart.b-cdn.net/wp-content/uploads/cheap-business-card-printing-600x551.jpg","Size","[""85mm (w) x 55mm (h)"",""85mm (w) x 55mm (h)"",""85mm (w) x 55mm (h)"",""55mm (w) x 55mm (h)"",""85mm (w) x 55mm (h)"",""85mm (w) x 55mm (h)"",""55mm (w) x 55mm (h)"",""85mm (w) x 55mm (h)"","" 85mm (w) x 55mm (h)"",""85mm (w) x 55mm (h)"",""55mm (w) x 55mm (h)"",""85mm (w) x 25mm (h)"",""85mm (w) x 55mm (h)""]",1,1,"Material","[""570 Mic White PVC"",""450GSM Silk"",""300GSM Magnetic"",""350GSM Silk"",""350GSM Uncoated"",""350GSM Silk"",""350GSM Uncoated"",""810GSM Uncoated"",""810GSM Kraft Brown"",""350GSM Silk"",""450GSM Silk"",""350GSM Uncoated"",""500 Mic Transparent PVC"",""450GSM Silk"",""350GSM Kraft Brown"",""350GSM Pearl""]",1,1,"Print Options","[""Single Sided"",""Double Sided"",""Single Sided"",""Double Sided"",""Single Sided"",""Single Sided"",""Double Sided"",""Single Sided"",""Double Sided"",""Single Sided"",""Double Sided"",""Single Sided"",""Double Sided"",""Single Sided"",""Double Sided"",""Single Sided"",""Single Sided"",""Double Sided"",""Single Sided"",""Double Sided""]",1,1,"Lamination","[""No Lamination"",""Matt Lamination"",""Gloss Lamination"",""Soft Touch Lamination"",""Anti-Bacterial Gloss Lamination"",""Anti-Bacterial Matt Lamination"",""No Lamination"",""Matt Lamination"",""Gloss Lamination"",""Soft Touch Lamination"",""No Lamination"",""Matt Lamination"",""Gloss Lamination"",""Soft Touch Lamination"",""Anti-Bacterial Gloss Lamination"",""Anti-Bacterial Matt Lamination"",""No Lamination"",""Matt Lamination"",""Gloss Lamination"",""Soft Touch Lamination"",""No Lamination"",""Matt Lamination"",""Gloss Lamination"",""Soft Touch Lamination"",""Matt Lamination"",""Matt Lamination"",""Gloss Lamination"",""Soft Touch Lamination""]",1,1,"Artwork","[""Supplying Own [£0]"",""Design [£30]"",""Supplying Own [£0]"",""Design [£30]"",""Supplying Own [£0]"",""Design [£30]"",""Supplying Own [£0]"",""Design [£30]"",""Supplying Own [£0]"",""Design [£30]"",""Supplying Own [£0]"",""Design [£30]"",""Supplying Own [£0]"",""Design [£30]"",""Supplying Own [£0]"",""Design [£30]"",""Supplying Own [£0]"",""Design [£30]"",""Supplying Own [£0]"",""Design [£30]"",""Supplying Own [£0]"",""Design [£30]""]",1,1,"PDF Proof","[""No Proof Required [£0]"",""Proof Required [£2.50]"",""No Proof Required [£0]"",""Proof Required [£2.50]"",""No Proof Required [£0]"",""Proof Required [£2.50]"",""No Proof Required [£0]"",""Proof Required [£2.50]"",""No Proof Required [£0]"",""Proof Required [£2.50]"",""No Proof Required [£0]"",""Proof Required [£2.50]"",""No Proof Required [£0]"",""Proof Required [£2.50]"",""No Proof Required [£0]"",""Proof Required [£2.50]"",""No Proof Required [£0]"",""Proof Required [£2.50]"",""No Proof Required [£0]"",""Proof Required [£2.50]"",""No Proof Required [£0]"",""Proof Required [£2.50]""]",1,1,"Quantity","[""100"",""250"",""500"",""1000"",""2000"",""3000"",""4000"",""5000"",""100"",""250"",""500"",""1000"",""2000"",""5000"",""10000"",""50"",""100"",""250"",""500"",""1000"",""2000"",""5000"",""10000"",""100"",""250"",""500"",""1000"",""2000"",""5000"",""10000"",""100"",""250"",""500"",""1000"",""2000"",""5000"",""50"",""100"",""250"",""500"",""1000"",""2000"",""100"",""250"",""500"",""1000"",""2000"",""5000"",""10000"",""100"",""250"",""500"",""1000"",""2000"",""5000"",""10000"",""100"",""250"",""500"",""1000"",""2000"",""3000"",""4000"",""5000"",""100"",""250"",""500"",""1000"",""2000"",""5000"",""10000"",""100"",""250"",""500"",""1000"",""2000""]",1,1,"Delivery","[""7-8 Working Days"",""4-5 Working Days"",""3-4 Working Days"",""2-3 Working Days"",""6 Working Days"",""5 Working Days"",""4-5 Working Days"",""3-4 Working Days"",""2-3 Working Days"",""4-5 Working Days"",""3-4 Working Days"",""2-3 Working Days"",""8-9 Working Days"",""5-6 Working Days"",""4-5 Working Days"",""4-5 Working Days"",""3-4 Working Days"",""2-3 Working Days"",""4-5 Working Days"",""3-4 Working Days"",""2-3 Working Days"",""7-8 Working Days"",""4-5 Working Days"",""3-4 Working Days"",""2-3 Working Days"",""4-5 Working Days"",""3-4 Working Days"",""2-3 Working Days""]",1,1,"","[]",1,1,"","[]",1,1,"Corners","[""Square Corners"",""Rounded Corners"",""Rounded Corners"",""Square Corners"",""Rounded Corners""]",1,1
,"variable",,"Folded Business Card Printing",1,0,"visible","Unfold your business identity with our tent-fold folding business cards.
Folded business cards provide twice the space of regular business cards! This means more space to introduce your services without having an overcrowded design!
Folded business cards are ideal for using as price-lists, mini-menus, loyalty cards, compact price-lists, table counter menu cards and mini pocket calendars. The possibilities are endless! Your designs can be printed single or double sided and all our prices are inclusive of FREE UK delivery!","Product Specifications
Folded tent style business cards
350gsm silk or uncoated stock
Gloss or matt lamination
Printed in stunning full colour
Single or double sided print
Appointment or loyalty cards
Min. order 100 business cards
FREE NATIONWIDE UK DELIVERY

",,"taxable",,1,,,0,0,,,,,1,,"£17.00","£17.00","Business Card Printing",,,0,"https://cheapasprints-woocart.b-cdn.net/wp-content/uploads/2018/03/folded-business-cards-600x551.png","Size","[""85mm (w) x 55mm (h)"",""85mm (w) x 55mm (h)"",""85mm (w) x 55mm (h)"",""55mm (w) x 55mm (h)"",""85mm (w) x 55mm (h)"",""85mm (w) x 55mm (h)"",""55mm (w) x 55mm (h)"",""85mm (w) x 55mm (h)"","" 85mm (w) x 55mm (h)"",""85mm (w) x 55mm (h)"",""55mm (w) x 55mm (h)"",""85mm (w) x 25mm (h)"",""85mm (w) x 55mm (h)""]",1,1,"Material","[""570 Mic White PVC"",""450GSM Silk"",""300GSM Magnetic"",""350GSM Silk"",""350GSM Uncoated"",""350GSM Silk"",""350GSM Uncoated"",""810GSM Uncoated"",""810GSM Kraft Brown"",""350GSM Silk"",""450GSM Silk"",""350GSM Uncoated"",""500 Mic Transparent PVC"",""450GSM Silk"",""350GSM Kraft Brown"",""350GSM Pearl""]",1,1,"Print Options","[""Single Sided"",""Double Sided"",""Single Sided"",""Double Sided"",""Single Sided"",""Single Sided"",""Double Sided"",""Single Sided"",""Double Sided"",""Single Sided"",""Double Sided"",""Single Sided"",""Double Sided"",""Single Sided"",""Double Sided"",""Single Sided"",""Single Sided"",""Double Sided"",""Single Sided"",""Double Sided""]",1,1,"Lamination","[""No Lamination"",""Matt Lamination"",""Gloss Lamination"",""Soft Touch Lamination"",""Anti-Bacterial Gloss Lamination"",""Anti-Bacterial Matt Lamination"",""No Lamination"",""Matt Lamination"",""Gloss Lamination"",""Soft Touch Lamination"",""No Lamination"",""Matt Lamination"",""Gloss Lamination"",""Soft Touch Lamination"",""Anti-Bacterial Gloss Lamination"",""Anti-Bacterial Matt Lamination"",""No Lamination"",""Matt Lamination"",""Gloss Lamination"",""Soft Touch Lamination"",""No Lamination"",""Matt Lamination"",""Gloss Lamination"",""Soft Touch Lamination"",""Matt Lamination"",""Matt Lamination"",""Gloss Lamination"",""Soft Touch Lamination""]",1,1,"Artwork","[""Supplying Own [£0]"",""Design [£30]"",""Supplying Own [£0]"",""Design [£30]"",""Supplying Own [£0]"",""Design [£30]"",""Supplying Own [£0]"",""Design [£30]"",""Supplying Own [£0]"",""Design [£30]"",""Supplying Own [£0]"",""Design [£30]"",""Supplying Own [£0]"",""Design [£30]"",""Supplying Own [£0]"",""Design [£30]"",""Supplying Own [£0]"",""Design [£30]"",""Supplying Own [£0]"",""Design [£30]"",""Supplying Own [£0]"",""Design [£30]""]",1,1,"PDF Proof","[""No Proof Required [£0]"",""Proof Required [£2.50]"",""No Proof Required [£0]"",""Proof Required [£2.50]"",""No Proof Required [£0]"",""Proof Required [£2.50]"",""No Proof Required [£0]"",""Proof Required [£2.50]"",""No Proof Required [£0]"",""Proof Required [£2.50]"",""No Proof Required [£0]"",""Proof Required [£2.50]"",""No Proof Required [£0]"",""Proof Required [£2.50]"",""No Proof Required [£0]"",""Proof Required [£2.50]"",""No Proof Required [£0]"",""Proof Required [£2.50]"",""No Proof Required [£0]"",""Proof Required [£2.50]"",""No Proof Required [£0]"",""Proof Required [£2.50]""]",1,1,"Quantity","[""100"",""250"",""500"",""1000"",""2000"",""3000"",""4000"",""5000"",""100"",""250"",""500"",""1000"",""2000"",""5000"",""10000"",""50"",""100"",""250"",""500"",""1000"",""2000"",""5000"",""10000"",""100"",""250"",""500"",""1000"",""2000"",""5000"",""10000"",""100"",""250"",""500"",""1000"",""2000"",""5000"",""50"",""100"",""250"",""500"",""1000"",""2000"",""100"",""250"",""500"",""1000"",""2000"",""5000"",""10000"",""100"",""250"",""500"",""1000"",""2000"",""5000"",""10000"",""100"",""250"",""500"",""1000"",""2000"",""3000"",""4000"",""5000"",""100"",""250"",""500"",""1000"",""2000"",""5000"",""10000"",""100"",""250"",""500"",""1000"",""2000""]",1,1,"Delivery","[""7-8 Working Days"",""4-5 Working Days"",""3-4 Working Days"",""2-3 Working Days"",""6 Working Days"",""5 Working Days"",""4-5 Working Days"",""3-4 Working Days"",""2-3 Working Days"",""4-5 Working Days"",""3-4 Working Days"",""2-3 Working Days"",""8-9 Working Days"",""5-6 Working Days"",""4-5 Working Days"",""4-5 Working Days"",""3-4 Working Days"",""2-3 Working Days"",""4-5 Working Days"",""3-4 Working Days"",""2-3 Working Days"",""7-8 Working Days"",""4-5 Working Days"",""3-4 Working Days"",""2-3 Working Days"",""4-5 Working Days"",""3-4 Working Days"",""2-3 Working Days""]",1,1,"","[]",1,1,"","[]",1,1,"Corners","[""Square Corners"",""Rounded Corners"",""Rounded Corners"",""Square Corners"",""Rounded Corners""]",1,1
,"variable",,"Triplex Business Card Printing",1,0,"visible","Show off your brand in style with our unique triple-layered triplex business cards!
Make a great first impression with our ultra-thick heavy-weighted business cards! These multi-layered business cards consist of a coloured centre core sandwiched between two white uncoated or brown kraft cards.
Your designs are printed to both sides as standard and all our prices are inclusive of FREE UK delivery!","Product Specifications
Super thick triplex business cards
810gsm uncoated or kraft stock
Feature a stylish colour core centre
Printed in stunning full colour
Single or double sided print
Min. order 50 business cards
FREE NATIONWIDE UK DELIVERY

",,"taxable",,1,,,0,0,,,,,1,,"£38.00","£38.00","Business Card Printing",,,0,"https://cheapasprints-woocart.b-cdn.net/wp-content/uploads/2018/06/triplex-business-cards-p-600x551.png","Size","[""85mm (w) x 55mm (h)"",""85mm (w) x 55mm (h)"",""85mm (w) x 55mm (h)"",""55mm (w) x 55mm (h)"",""85mm (w) x 55mm (h)"",""85mm (w) x 55mm (h)"",""55mm (w) x 55mm (h)"",""85mm (w) x 55mm (h)"","" 85mm (w) x 55mm (h)"",""85mm (w) x 55mm (h)"",""55mm (w) x 55mm (h)"",""85mm (w) x 25mm (h)"",""85mm (w) x 55mm (h)""]",1,1,"Material","[""570 Mic White PVC"",""450GSM Silk"",""300GSM Magnetic"",""350GSM Silk"",""350GSM Uncoated"",""350GSM Silk"",""350GSM Uncoated"",""810GSM Uncoated"",""810GSM Kraft Brown"",""350GSM Silk"",""450GSM Silk"",""350GSM Uncoated"",""500 Mic Transparent PVC"",""450GSM Silk"",""350GSM Kraft Brown"",""350GSM Pearl""]",1,1,"Print Options","[""Single Sided"",""Double Sided"",""Single Sided"",""Double Sided"",""Single Sided"",""Single Sided"",""Double Sided"",""Single Sided"",""Double Sided"",""Single Sided"",""Double Sided"",""Single Sided"",""Double Sided"",""Single Sided"",""Double Sided"",""Single Sided"",""Single Sided"",""Double Sided"",""Single Sided"",""Double Sided""]",1,1,"Lamination","[""No Lamination"",""Matt Lamination"",""Gloss Lamination"",""Soft Touch Lamination"",""Anti-Bacterial Gloss Lamination"",""Anti-Bacterial Matt Lamination"",""No Lamination"",""Matt Lamination"",""Gloss Lamination"",""Soft Touch Lamination"",""No Lamination"",""Matt Lamination"",""Gloss Lamination"",""Soft Touch Lamination"",""Anti-Bacterial Gloss Lamination"",""Anti-Bacterial Matt Lamination"",""No Lamination"",""Matt Lamination"",""Gloss Lamination"",""Soft Touch Lamination"",""No Lamination"",""Matt Lamination"",""Gloss Lamination"",""Soft Touch Lamination"",""Matt Lamination"",""Matt Lamination"",""Gloss Lamination"",""Soft Touch Lamination""]",1,1,"Artwork","[""Supplying Own [£0]"",""Design [£30]"",""Supplying Own [£0]"",""Design [£30]"",""Supplying Own [£0]"",""Design [£30]"",""Supplying Own [£0]"",""Design [£30]"",""Supplying Own [£0]"",""Design [£30]"",""Supplying Own [£0]"",""Design [£30]"",""Supplying Own [£0]"",""Design [£30]"",""Supplying Own [£0]"",""Design [£30]"",""Supplying Own [£0]"",""Design [£30]"",""Supplying Own [£0]"",""Design [£30]"",""Supplying Own [£0]"",""Design [£30]""]",1,1,"PDF Proof","[""No Proof Required [£0]"",""Proof Required [£2.50]"",""No Proof Required [£0]"",""Proof Required [£2.50]"",""No Proof Required [£0]"",""Proof Required [£2.50]"",""No Proof Required [£0]"",""Proof Required [£2.50]"",""No Proof Required [£0]"",""Proof Required [£2.50]"",""No Proof Required [£0]"",""Proof Required [£2.50]"",""No Proof Required [£0]"",""Proof Required [£2.50]"",""No Proof Required [£0]"",""Proof Required [£2.50]"",""No Proof Required [£0]"",""Proof Required [£2.50]"",""No Proof Required [£0]"",""Proof Required [£2.50]"",""No Proof Required [£0]"",""Proof Required [£2.50]""]",1,1,"Quantity","[""100"",""250"",""500"",""1000"",""2000"",""3000"",""4000"",""5000"",""100"",""250"",""500"",""1000"",""2000"",""5000"",""10000"",""50"",""100"",""250"",""500"",""1000"",""2000"",""5000"",""10000"",""100"",""250"",""500"",""1000"",""2000"",""5000"",""10000"",""100"",""250"",""500"",""1000"",""2000"",""5000"",""50"",""100"",""250"",""500"",""1000"",""2000"",""100"",""250"",""500"",""1000"",""2000"",""5000"",""10000"",""100"",""250"",""500"",""1000"",""2000"",""5000"",""10000"",""100"",""250"",""500"",""1000"",""2000"",""3000"",""4000"",""5000"",""100"",""250"",""500"",""1000"",""2000"",""5000"",""10000"",""100"",""250"",""500"",""1000"",""2000""]",1,1,"Delivery","[""7-8 Working Days"",""4-5 Working Days"",""3-4 Working Days"",""2-3 Working Days"",""6 Working Days"",""5 Working Days"",""4-5 Working Days"",""3-4 Working Days"",""2-3 Working Days"",""4-5 Working Days"",""3-4 Working Days"",""2-3 Working Days"",""8-9 Working Days"",""5-6 Working Days"",""4-5 Working Days"",""4-5 Working Days"",""3-4 Working Days"",""2-3 Working Days"",""4-5 Working Days"",""3-4 Working Days"",""2-3 Working Days"",""7-8 Working Days"",""4-5 Working Days"",""3-4 Working Days"",""2-3 Working Days"",""4-5 Working Days"",""3-4 Working Days"",""2-3 Working Days""]",1,1,"","[]",1,1,"","[]",1,1,"Corners","[""Square Corners"",""Rounded Corners"",""Rounded Corners"",""Square Corners"",""Rounded Corners""]",1,1
,"variable",,"Spot UV Business Card Printing",1,0,"visible","Create a wow factor with our visually stunning 450gsm spot UV business cards!
Spot UV printing is a method in which UV coating is used to highlight designated parts of a business card design. This gives the effect of a raised look with a gloss finish that is in direct contrast with the rest of matt laminated surface.
Your designs can be printed single or double sided and all our prices are inclusive of FREE UK delivery!","Product Specifications
85 x 55mm business cards
450gsm premium silk stock
Matt lamination with spot UV
Gives the print a raised effect
Printed in stunning full colour
Single or double sided print
Min. order 100 business cards
FREE NATIONWIDE UK DELIVERY

",,"taxable",,1,,,0,0,,,,,1,,"£20.00","£20.00","Business Card Printing",,,0,"https://cheapasprints-woocart.b-cdn.net/wp-content/uploads/2018/06/spot-uv-business-cards-p-600x551.png","Size","[""85mm (w) x 55mm (h)"",""85mm (w) x 55mm (h)"",""85mm (w) x 55mm (h)"",""55mm (w) x 55mm (h)"",""85mm (w) x 55mm (h)"",""85mm (w) x 55mm (h)"",""55mm (w) x 55mm (h)"",""85mm (w) x 55mm (h)"","" 85mm (w) x 55mm (h)"",""85mm (w) x 55mm (h)"",""55mm (w) x 55mm (h)"",""85mm (w) x 25mm (h)"",""85mm (w) x 55mm (h)""]",1,1,"Material","[""570 Mic White PVC"",""450GSM Silk"",""300GSM Magnetic"",""350GSM Silk"",""350GSM Uncoated"",""350GSM Silk"",""350GSM Uncoated"",""810GSM Uncoated"",""810GSM Kraft Brown"",""350GSM Silk"",""450GSM Silk"",""350GSM Uncoated"",""500 Mic Transparent PVC"",""450GSM Silk"",""350GSM Kraft Brown"",""350GSM Pearl""]",1,1,"Print Options","[""Single Sided"",""Double Sided"",""Single Sided"",""Double Sided"",""Single Sided"",""Single Sided"",""Double Sided"",""Single Sided"",""Double Sided"",""Single Sided"",""Double Sided"",""Single Sided"",""Double Sided"",""Single Sided"",""Double Sided"",""Single Sided"",""Single Sided"",""Double Sided"",""Single Sided"",""Double Sided""]",1,1,"Lamination","[""No Lamination"",""Matt Lamination"",""Gloss Lamination"",""Soft Touch Lamination"",""Anti-Bacterial Gloss Lamination"",""Anti-Bacterial Matt Lamination"",""No Lamination"",""Matt Lamination"",""Gloss Lamination"",""Soft Touch Lamination"",""No Lamination"",""Matt Lamination"",""Gloss Lamination"",""Soft Touch Lamination"",""Anti-Bacterial Gloss Lamination"",""Anti-Bacterial Matt Lamination"",""No Lamination"",""Matt Lamination"",""Gloss Lamination"",""Soft Touch Lamination"",""No Lamination"",""Matt Lamination"",""Gloss Lamination"",""Soft Touch Lamination"",""Matt Lamination"",""Matt Lamination"",""Gloss Lamination"",""Soft Touch Lamination""]",1,1,"Artwork","[""Supplying Own [£0]"",""Design [£30]"",""Supplying Own [£0]"",""Design [£30]"",""Supplying Own [£0]"",""Design [£30]"",""Supplying Own [£0]"",""Design [£30]"",""Supplying Own [£0]"",""Design [£30]"",""Supplying Own [£0]"",""Design [£30]"",""Supplying Own [£0]"",""Design [£30]"",""Supplying Own [£0]"",""Design [£30]"",""Supplying Own [£0]"",""Design [£30]"",""Supplying Own [£0]"",""Design [£30]"",""Supplying Own [£0]"",""Design [£30]""]",1,1,"PDF Proof","[""No Proof Required [£0]"",""Proof Required [£2.50]"",""No Proof Required [£0]"",""Proof Required [£2.50]"",""No Proof Required [£0]"",""Proof Required [£2.50]"",""No Proof Required [£0]"",""Proof Required [£2.50]"",""No Proof Required [£0]"",""Proof Required [£2.50]"",""No Proof Required [£0]"",""Proof Required [£2.50]"",""No Proof Required [£0]"",""Proof Required [£2.50]"",""No Proof Required [£0]"",""Proof Required [£2.50]"",""No Proof Required [£0]"",""Proof Required [£2.50]"",""No Proof Required [£0]"",""Proof Required [£2.50]"",""No Proof Required [£0]"",""Proof Required [£2.50]""]",1,1,"Quantity","[""100"",""250"",""500"",""1000"",""2000"",""3000"",""4000"",""5000"",""100"",""250"",""500"",""1000"",""2000"",""5000"",""10000"",""50"",""100"",""250"",""500"",""1000"",""2000"",""5000"",""10000"",""100"",""250"",""500"",""1000"",""2000"",""5000"",""10000"",""100"",""250"",""500"",""1000"",""2000"",""5000"",""50"",""100"",""250"",""500"",""1000"",""2000"",""100"",""250"",""500"",""1000"",""2000"",""5000"",""10000"",""100"",""250"",""500"",""1000"",""2000"",""5000"",""10000"",""100"",""250"",""500"",""1000"",""2000"",""3000"",""4000"",""5000"",""100"",""250"",""500"",""1000"",""2000"",""5000"",""10000"",""100"",""250"",""500"",""1000"",""2000""]",1,1,"Delivery","[""7-8 Working Days"",""4-5 Working Days"",""3-4 Working Days"",""2-3 Working Days"",""6 Working Days"",""5 Working Days"",""4-5 Working Days"",""3-4 Working Days"",""2-3 Working Days"",""4-5 Working Days"",""3-4 Working Days"",""2-3 Working Days"",""8-9 Working Days"",""5-6 Working Days"",""4-5 Working Days"",""4-5 Working Days"",""3-4 Working Days"",""2-3 Working Days"",""4-5 Working Days"",""3-4 Working Days"",""2-3 Working Days"",""7-8 Working Days"",""4-5 Working Days"",""3-4 Working Days"",""2-3 Working Days"",""4-5 Working Days"",""3-4 Working Days"",""2-3 Working Days""]",1,1,"","[]",1,1,"","[]",1,1,"Corners","[""Square Corners"",""Rounded Corners"",""Rounded Corners"",""Square Corners"",""Rounded Corners""]",1,1
,"variable",,"Loyalty Business Card Printing",1,0,"visible","Boost your business sales with our custom loyalty card printing service!
Attracting new business can be difficult at the best of times. Get proactive and run a loyalty program inline with your existing promotions. Personalised loyalty cards offer an inexpensive way to boost sales and maintain existing customers.
Our loyalty cards are available folded & unfolded and can be printed single or double-sided with FREE UK delivery!","Product Specifications
Reward your loyal customers
350gsm quality uncoated stock
Can be written on or stamped
Printed in stunning full colour
Single or double sided print
Folded or unfolded options
Min. order 100 business cards
FREE NATIONWIDE UK DELIVERY

",,"taxable",,1,,,0,0,,,,,1,,"£15.00","£15.00","Business Card Printing",,,0,"https://cheapasprints-woocart.b-cdn.net/wp-content/uploads/2019/01/loyalty-cards-p-600x551.png","Size","[""85mm (w) x 55mm (h)"",""85mm (w) x 55mm (h)"",""85mm (w) x 55mm (h)"",""55mm (w) x 55mm (h)"",""85mm (w) x 55mm (h)"",""85mm (w) x 55mm (h)"",""55mm (w) x 55mm (h)"",""85mm (w) x 55mm (h)"","" 85mm (w) x 55mm (h)"",""85mm (w) x 55mm (h)"",""55mm (w) x 55mm (h)"",""85mm (w) x 25mm (h)"",""85mm (w) x 55mm (h)""]",1,1,"Material","[""570 Mic White PVC"",""450GSM Silk"",""300GSM Magnetic"",""350GSM Silk"",""350GSM Uncoated"",""350GSM Silk"",""350GSM Uncoated"",""810GSM Uncoated"",""810GSM Kraft Brown"",""350GSM Silk"",""450GSM Silk"",""350GSM Uncoated"",""500 Mic Transparent PVC"",""450GSM Silk"",""350GSM Kraft Brown"",""350GSM Pearl""]",1,1,"Print Options","[""Single Sided"",""Double Sided"",""Single Sided"",""Double Sided"",""Single Sided"",""Single Sided"",""Double Sided"",""Single Sided"",""Double Sided"",""Single Sided"",""Double Sided"",""Single Sided"",""Double Sided"",""Single Sided"",""Double Sided"",""Single Sided"",""Single Sided"",""Double Sided"",""Single Sided"",""Double Sided""]",1,1,"Lamination","[""No Lamination"",""Matt Lamination"",""Gloss Lamination"",""Soft Touch Lamination"",""Anti-Bacterial Gloss Lamination"",""Anti-Bacterial Matt Lamination"",""No Lamination"",""Matt Lamination"",""Gloss Lamination"",""Soft Touch Lamination"",""No Lamination"",""Matt Lamination"",""Gloss Lamination"",""Soft Touch Lamination"",""Anti-Bacterial Gloss Lamination"",""Anti-Bacterial Matt Lamination"",""No Lamination"",""Matt Lamination"",""Gloss Lamination"",""Soft Touch Lamination"",""No Lamination"",""Matt Lamination"",""Gloss Lamination"",""Soft Touch Lamination"",""Matt Lamination"",""Matt Lamination"",""Gloss Lamination"",""Soft Touch Lamination""]",1,1,"Artwork","[""Supplying Own [£0]"",""Design [£30]"",""Supplying Own [£0]"",""Design [£30]"",""Supplying Own [£0]"",""Design [£30]"",""Supplying Own [£0]"",""Design [£30]"",""Supplying Own [£0]"",""Design [£30]"",""Supplying Own [£0]"",""Design [£30]"",""Supplying Own [£0]"",""Design [£30]"",""Supplying Own [£0]"",""Design [£30]"",""Supplying Own [£0]"",""Design [£30]"",""Supplying Own [£0]"",""Design [£30]"",""Supplying Own [£0]"",""Design [£30]""]",1,1,"PDF Proof","[""No Proof Required [£0]"",""Proof Required [£2.50]"",""No Proof Required [£0]"",""Proof Required [£2.50]"",""No Proof Required [£0]"",""Proof Required [£2.50]"",""No Proof Required [£0]"",""Proof Required [£2.50]"",""No Proof Required [£0]"",""Proof Required [£2.50]"",""No Proof Required [£0]"",""Proof Required [£2.50]"",""No Proof Required [£0]"",""Proof Required [£2.50]"",""No Proof Required [£0]"",""Proof Required [£2.50]"",""No Proof Required [£0]"",""Proof Required [£2.50]"",""No Proof Required [£0]"",""Proof Required [£2.50]"",""No Proof Required [£0]"",""Proof Required [£2.50]""]",1,1,"Quantity","[""100"",""250"",""500"",""1000"",""2000"",""3000"",""4000"",""5000"",""100"",""250"",""500"",""1000"",""2000"",""5000"",""10000"",""50"",""100"",""250"",""500"",""1000"",""2000"",""5000"",""10000"",""100"",""250"",""500"",""1000"",""2000"",""5000"",""10000"",""100"",""250"",""500"",""1000"",""2000"",""5000"",""50"",""100"",""250"",""500"",""1000"",""2000"",""100"",""250"",""500"",""1000"",""2000"",""5000"",""10000"",""100"",""250"",""500"",""1000"",""2000"",""5000"",""10000"",""100"",""250"",""500"",""1000"",""2000"",""3000"",""4000"",""5000"",""100"",""250"",""500"",""1000"",""2000"",""5000"",""10000"",""100"",""250"",""500"",""1000"",""2000""]",1,1,"Delivery","[""7-8 Working Days"",""4-5 Working Days"",""3-4 Working Days"",""2-3 Working Days"",""6 Working Days"",""5 Working Days"",""4-5 Working Days"",""3-4 Working Days"",""2-3 Working Days"",""4-5 Working Days"",""3-4 Working Days"",""2-3 Working Days"",""8-9 Working Days"",""5-6 Working Days"",""4-5 Working Days"",""4-5 Working Days"",""3-4 Working Days"",""2-3 Working Days"",""4-5 Working Days"",""3-4 Working Days"",""2-3 Working Days"",""7-8 Working Days"",""4-5 Working Days"",""3-4 Working Days"",""2-3 Working Days"",""4-5 Working Days"",""3-4 Working Days"",""2-3 Working Days""]",1,1,"","[]",1,1,"","[]",1,1,"Corners","[""Square Corners"",""Rounded Corners"",""Rounded Corners"",""Square Corners"",""Rounded Corners""]",1,1
,"variable",,"Frosted Business Card Printing",1,0,"visible","Make lasting impressions with personalised PVC frosted business cards.
Frosted business cards provide a long-lasting alternative to traditional paper based cards. They are custom printed on clear translucent PVC plastic that will not scuff or crease. For added protection, we supply our frosted cards with rounded corners to prevent damage in handling.
Our frosted cards are also suitable for use as membership cards, loyalty cards and discount cards. Simply order online, send us your design template and we’ll do the rest!","Product Specifications
Transparent frosted business cards
500 micron translucent PVC stock
Printed in full colour to one side
Min. order 100 PVC frosted cards
Membership, loyalty discount cards
FREE NATIONWIDE UK DELIVERY

",,"taxable",,1,,,0,0,,,,,1,,"£81.00","£81.00","Business Card Printing",,,0,"https://cheapasprints-woocart.b-cdn.net/wp-content/uploads/2018/06/frosted-business-cards-600x551.png","Size","[""85mm (w) x 55mm (h)"",""85mm (w) x 55mm (h)"",""85mm (w) x 55mm (h)"",""55mm (w) x 55mm (h)"",""85mm (w) x 55mm (h)"",""85mm (w) x 55mm (h)"",""55mm (w) x 55mm (h)"",""85mm (w) x 55mm (h)"","" 85mm (w) x 55mm (h)"",""85mm (w) x 55mm (h)"",""55mm (w) x 55mm (h)"",""85mm (w) x 25mm (h)"",""85mm (w) x 55mm (h)""]",1,1,"Material","[""570 Mic White PVC"",""450GSM Silk"",""300GSM Magnetic"",""350GSM Silk"",""350GSM Uncoated"",""350GSM Silk"",""350GSM Uncoated"",""810GSM Uncoated"",""810GSM Kraft Brown"",""350GSM Silk"",""450GSM Silk"",""350GSM Uncoated"",""500 Mic Transparent PVC"",""450GSM Silk"",""350GSM Kraft Brown"",""350GSM Pearl""]",1,1,"Print Options","[""Single Sided"",""Double Sided"",""Single Sided"",""Double Sided"",""Single Sided"",""Single Sided"",""Double Sided"",""Single Sided"",""Double Sided"",""Single Sided"",""Double Sided"",""Single Sided"",""Double Sided"",""Single Sided"",""Double Sided"",""Single Sided"",""Single Sided"",""Double Sided"",""Single Sided"",""Double Sided""]",1,1,"Lamination","[""No Lamination"",""Matt Lamination"",""Gloss Lamination"",""Soft Touch Lamination"",""Anti-Bacterial Gloss Lamination"",""Anti-Bacterial Matt Lamination"",""No Lamination"",""Matt Lamination"",""Gloss Lamination"",""Soft Touch Lamination"",""No Lamination"",""Matt Lamination"",""Gloss Lamination"",""Soft Touch Lamination"",""Anti-Bacterial Gloss Lamination"",""Anti-Bacterial Matt Lamination"",""No Lamination"",""Matt Lamination"",""Gloss Lamination"",""Soft Touch Lamination"",""No Lamination"",""Matt Lamination"",""Gloss Lamination"",""Soft Touch Lamination"",""Matt Lamination"",""Matt Lamination"",""Gloss Lamination"",""Soft Touch Lamination""]",1,1,"Artwork","[""Supplying Own [£0]"",""Design [£30]"",""Supplying Own [£0]"",""Design [£30]"",""Supplying Own [£0]"",""Design [£30]"",""Supplying Own [£0]"",""Design [£30]"",""Supplying Own [£0]"",""Design [£30]"",""Supplying Own [£0]"",""Design [£30]"",""Supplying Own [£0]"",""Design [£30]"",""Supplying Own [£0]"",""Design [£30]"",""Supplying Own [£0]"",""Design [£30]"",""Supplying Own [£0]"",""Design [£30]"",""Supplying Own [£0]"",""Design [£30]""]",1,1,"PDF Proof","[""No Proof Required [£0]"",""Proof Required [£2.50]"",""No Proof Required [£0]"",""Proof Required [£2.50]"",""No Proof Required [£0]"",""Proof Required [£2.50]"",""No Proof Required [£0]"",""Proof Required [£2.50]"",""No Proof Required [£0]"",""Proof Required [£2.50]"",""No Proof Required [£0]"",""Proof Required [£2.50]"",""No Proof Required [£0]"",""Proof Required [£2.50]"",""No Proof Required [£0]"",""Proof Required [£2.50]"",""No Proof Required [£0]"",""Proof Required [£2.50]"",""No Proof Required [£0]"",""Proof Required [£2.50]"",""No Proof Required [£0]"",""Proof Required [£2.50]""]",1,1,"Quantity","[""100"",""250"",""500"",""1000"",""2000"",""3000"",""4000"",""5000"",""100"",""250"",""500"",""1000"",""2000"",""5000"",""10000"",""50"",""100"",""250"",""500"",""1000"",""2000"",""5000"",""10000"",""100"",""250"",""500"",""1000"",""2000"",""5000"",""10000"",""100"",""250"",""500"",""1000"",""2000"",""5000"",""50"",""100"",""250"",""500"",""1000"",""2000"",""100"",""250"",""500"",""1000"",""2000"",""5000"",""10000"",""100"",""250"",""500"",""1000"",""2000"",""5000"",""10000"",""100"",""250"",""500"",""1000"",""2000"",""3000"",""4000"",""5000"",""100"",""250"",""500"",""1000"",""2000"",""5000"",""10000"",""100"",""250"",""500"",""1000"",""2000""]",1,1,"Delivery","[""7-8 Working Days"",""4-5 Working Days"",""3-4 Working Days"",""2-3 Working Days"",""6 Working Days"",""5 Working Days"",""4-5 Working Days"",""3-4 Working Days"",""2-3 Working Days"",""4-5 Working Days"",""3-4 Working Days"",""2-3 Working Days"",""8-9 Working Days"",""5-6 Working Days"",""4-5 Working Days"",""4-5 Working Days"",""3-4 Working Days"",""2-3 Working Days"",""4-5 Working Days"",""3-4 Working Days"",""2-3 Working Days"",""7-8 Working Days"",""4-5 Working Days"",""3-4 Working Days"",""2-3 Working Days"",""4-5 Working Days"",""3-4 Working Days"",""2-3 Working Days""]",1,1,"","[]",1,1,"","[]",1,1,"Corners","[""Square Corners"",""Rounded Corners"",""Rounded Corners"",""Square Corners"",""Rounded Corners""]",1,1
,"variable",,"Mini & Square Business Card Printing",1,0,"visible","Get creative with our cool and innovative mini & square business cards!
Our mini business card measures 85 x 25mm and square card measures 55 x 55mm. Both card sizes offer a unique way to promote your products and services to really captivate the attention of recipients.
We print these cards on premium 450gsm silk art board to one or both sides with FREE matt, gloss or velvety matt laminated finish options.","Product Specifications
Stylish mini & square business cards
450gsm premium quality silk stock
Gloss, matt or soft touch lamination
Printed in stunning full colour
Single or double sided print
Min. order 100 business cards
FREE NATIONWIDE UK DELIVERY

",,"taxable",,1,,,0,0,,,,,1,,"£18.00","£18.00","Business Card Printing",,,0,"https://cheapasprints-woocart.b-cdn.net/wp-content/uploads/mini-and-square-business-cards-600x551.jpg","Size","[""85mm (w) x 55mm (h)"",""85mm (w) x 55mm (h)"",""85mm (w) x 55mm (h)"",""55mm (w) x 55mm (h)"",""85mm (w) x 55mm (h)"",""85mm (w) x 55mm (h)"",""55mm (w) x 55mm (h)"",""85mm (w) x 55mm (h)"","" 85mm (w) x 55mm (h)"",""85mm (w) x 55mm (h)"",""55mm (w) x 55mm (h)"",""85mm (w) x 25mm (h)"",""85mm (w) x 55mm (h)""]",1,1,"Material","[""570 Mic White PVC"",""450GSM Silk"",""300GSM Magnetic"",""350GSM Silk"",""350GSM Uncoated"",""350GSM Silk"",""350GSM Uncoated"",""810GSM Uncoated"",""810GSM Kraft Brown"",""350GSM Silk"",""450GSM Silk"",""350GSM Uncoated"",""500 Mic Transparent PVC"",""450GSM Silk"",""350GSM Kraft Brown"",""350GSM Pearl""]",1,1,"Print Options","[""Single Sided"",""Double Sided"",""Single Sided"",""Double Sided"",""Single Sided"",""Single Sided"",""Double Sided"",""Single Sided"",""Double Sided"",""Single Sided"",""Double Sided"",""Single Sided"",""Double Sided"",""Single Sided"",""Double Sided"",""Single Sided"",""Single Sided"",""Double Sided"",""Single Sided"",""Double Sided""]",1,1,"Lamination","[""No Lamination"",""Matt Lamination"",""Gloss Lamination"",""Soft Touch Lamination"",""Anti-Bacterial Gloss Lamination"",""Anti-Bacterial Matt Lamination"",""No Lamination"",""Matt Lamination"",""Gloss Lamination"",""Soft Touch Lamination"",""No Lamination"",""Matt Lamination"",""Gloss Lamination"",""Soft Touch Lamination"",""Anti-Bacterial Gloss Lamination"",""Anti-Bacterial Matt Lamination"",""No Lamination"",""Matt Lamination"",""Gloss Lamination"",""Soft Touch Lamination"",""No Lamination"",""Matt Lamination"",""Gloss Lamination"",""Soft Touch Lamination"",""Matt Lamination"",""Matt Lamination"",""Gloss Lamination"",""Soft Touch Lamination""]",1,1,"Artwork","[""Supplying Own [£0]"",""Design [£30]"",""Supplying Own [£0]"",""Design [£30]"",""Supplying Own [£0]"",""Design [£30]"",""Supplying Own [£0]"",""Design [£30]"",""Supplying Own [£0]"",""Design [£30]"",""Supplying Own [£0]"",""Design [£30]"",""Supplying Own [£0]"",""Design [£30]"",""Supplying Own [£0]"",""Design [£30]"",""Supplying Own [£0]"",""Design [£30]"",""Supplying Own [£0]"",""Design [£30]"",""Supplying Own [£0]"",""Design [£30]""]",1,1,"PDF Proof","[""No Proof Required [£0]"",""Proof Required [£2.50]"",""No Proof Required [£0]"",""Proof Required [£2.50]"",""No Proof Required [£0]"",""Proof Required [£2.50]"",""No Proof Required [£0]"",""Proof Required [£2.50]"",""No Proof Required [£0]"",""Proof Required [£2.50]"",""No Proof Required [£0]"",""Proof Required [£2.50]"",""No Proof Required [£0]"",""Proof Required [£2.50]"",""No Proof Required [£0]"",""Proof Required [£2.50]"",""No Proof Required [£0]"",""Proof Required [£2.50]"",""No Proof Required [£0]"",""Proof Required [£2.50]"",""No Proof Required [£0]"",""Proof Required [£2.50]""]",1,1,"Quantity","[""100"",""250"",""500"",""1000"",""2000"",""3000"",""4000"",""5000"",""100"",""250"",""500"",""1000"",""2000"",""5000"",""10000"",""50"",""100"",""250"",""500"",""1000"",""2000"",""5000"",""10000"",""100"",""250"",""500"",""1000"",""2000"",""5000"",""10000"",""100"",""250"",""500"",""1000"",""2000"",""5000"",""50"",""100"",""250"",""500"",""1000"",""2000"",""100"",""250"",""500"",""1000"",""2000"",""5000"",""10000"",""100"",""250"",""500"",""1000"",""2000"",""5000"",""10000"",""100"",""250"",""500"",""1000"",""2000"",""3000"",""4000"",""5000"",""100"",""250"",""500"",""1000"",""2000"",""5000"",""10000"",""100"",""250"",""500"",""1000"",""2000""]",1,1,"Delivery","[""7-8 Working Days"",""4-5 Working Days"",""3-4 Working Days"",""2-3 Working Days"",""6 Working Days"",""5 Working Days"",""4-5 Working Days"",""3-4 Working Days"",""2-3 Working Days"",""4-5 Working Days"",""3-4 Working Days"",""2-3 Working Days"",""8-9 Working Days"",""5-6 Working Days"",""4-5 Working Days"",""4-5 Working Days"",""3-4 Working Days"",""2-3 Working Days"",""4-5 Working Days"",""3-4 Working Days"",""2-3 Working Days"",""7-8 Working Days"",""4-5 Working Days"",""3-4 Working Days"",""2-3 Working Days"",""4-5 Working Days"",""3-4 Working Days"",""2-3 Working Days""]",1,1,"","[]",1,1,"","[]",1,1,"Corners","[""Square Corners"",""Rounded Corners"",""Rounded Corners"",""Square Corners"",""Rounded Corners""]",1,1
,"variable",,"Creative Business Card Printing",1,0,"visible","Wow your clients with our innovative kraft brown & pearl shimmer business cards.
Add some character to your business cards designs with a rustic artisan look. If glamour’s your thing add some shimmer and glitz with our pearlescent range.
These cards are available on 350gsm stock for a quality feel and can be printed single or double sided with FREE UK delivery!","Product Specifications
Creative business cards for style & flair
Kraft brown stock for a rustic look
Unique pearlescent shimmer stock
Printed in stunning full colour
Single or double sided print
Min. order 100 business cards
FREE NATIONWIDE UK DELIVERY

",,"taxable",,1,,,0,0,,,,,1,,"£17.00","£17.00","Business Card Printing",,,0,"https://cheapasprints-woocart.b-cdn.net/wp-content/uploads/2018/06/kraft-and-pearlescent-business-cards-600x551.png","Size","[""85mm (w) x 55mm (h)"",""85mm (w) x 55mm (h)"",""85mm (w) x 55mm (h)"",""55mm (w) x 55mm (h)"",""85mm (w) x 55mm (h)"",""85mm (w) x 55mm (h)"",""55mm (w) x 55mm (h)"",""85mm (w) x 55mm (h)"","" 85mm (w) x 55mm (h)"",""85mm (w) x 55mm (h)"",""55mm (w) x 55mm (h)"",""85mm (w) x 25mm (h)"",""85mm (w) x 55mm (h)""]",1,1,"Material","[""570 Mic White PVC"",""450GSM Silk"",""300GSM Magnetic"",""350GSM Silk"",""350GSM Uncoated"",""350GSM Silk"",""350GSM Uncoated"",""810GSM Uncoated"",""810GSM Kraft Brown"",""350GSM Silk"",""450GSM Silk"",""350GSM Uncoated"",""500 Mic Transparent PVC"",""450GSM Silk"",""350GSM Kraft Brown"",""350GSM Pearl""]",1,1,"Print Options","[""Single Sided"",""Double Sided"",""Single Sided"",""Double Sided"",""Single Sided"",""Single Sided"",""Double Sided"",""Single Sided"",""Double Sided"",""Single Sided"",""Double Sided"",""Single Sided"",""Double Sided"",""Single Sided"",""Double Sided"",""Single Sided"",""Single Sided"",""Double Sided"",""Single Sided"",""Double Sided""]",1,1,"Lamination","[""No Lamination"",""Matt Lamination"",""Gloss Lamination"",""Soft Touch Lamination"",""Anti-Bacterial Gloss Lamination"",""Anti-Bacterial Matt Lamination"",""No Lamination"",""Matt Lamination"",""Gloss Lamination"",""Soft Touch Lamination"",""No Lamination"",""Matt Lamination"",""Gloss Lamination"",""Soft Touch Lamination"",""Anti-Bacterial Gloss Lamination"",""Anti-Bacterial Matt Lamination"",""No Lamination"",""Matt Lamination"",""Gloss Lamination"",""Soft Touch Lamination"",""No Lamination"",""Matt Lamination"",""Gloss Lamination"",""Soft Touch Lamination"",""Matt Lamination"",""Matt Lamination"",""Gloss Lamination"",""Soft Touch Lamination""]",1,1,"Artwork","[""Supplying Own [£0]"",""Design [£30]"",""Supplying Own [£0]"",""Design [£30]"",""Supplying Own [£0]"",""Design [£30]"",""Supplying Own [£0]"",""Design [£30]"",""Supplying Own [£0]"",""Design [£30]"",""Supplying Own [£0]"",""Design [£30]"",""Supplying Own [£0]"",""Design [£30]"",""Supplying Own [£0]"",""Design [£30]"",""Supplying Own [£0]"",""Design [£30]"",""Supplying Own [£0]"",""Design [£30]"",""Supplying Own [£0]"",""Design [£30]""]",1,1,"PDF Proof","[""No Proof Required [£0]"",""Proof Required [£2.50]"",""No Proof Required [£0]"",""Proof Required [£2.50]"",""No Proof Required [£0]"",""Proof Required [£2.50]"",""No Proof Required [£0]"",""Proof Required [£2.50]"",""No Proof Required [£0]"",""Proof Required [£2.50]"",""No Proof Required [£0]"",""Proof Required [£2.50]"",""No Proof Required [£0]"",""Proof Required [£2.50]"",""No Proof Required [£0]"",""Proof Required [£2.50]"",""No Proof Required [£0]"",""Proof Required [£2.50]"",""No Proof Required [£0]"",""Proof Required [£2.50]"",""No Proof Required [£0]"",""Proof Required [£2.50]""]",1,1,"Quantity","[""100"",""250"",""500"",""1000"",""2000"",""3000"",""4000"",""5000"",""100"",""250"",""500"",""1000"",""2000"",""5000"",""10000"",""50"",""100"",""250"",""500"",""1000"",""2000"",""5000"",""10000"",""100"",""250"",""500"",""1000"",""2000"",""5000"",""10000"",""100"",""250"",""500"",""1000"",""2000"",""5000"",""50"",""100"",""250"",""500"",""1000"",""2000"",""100"",""250"",""500"",""1000"",""2000"",""5000"",""10000"",""100"",""250"",""500"",""1000"",""2000"",""5000"",""10000"",""100"",""250"",""500"",""1000"",""2000"",""3000"",""4000"",""5000"",""100"",""250"",""500"",""1000"",""2000"",""5000"",""10000"",""100"",""250"",""500"",""1000"",""2000""]",1,1,"Delivery","[""7-8 Working Days"",""4-5 Working Days"",""3-4 Working Days"",""2-3 Working Days"",""6 Working Days"",""5 Working Days"",""4-5 Working Days"",""3-4 Working Days"",""2-3 Working Days"",""4-5 Working Days"",""3-4 Working Days"",""2-3 Working Days"",""8-9 Working Days"",""5-6 Working Days"",""4-5 Working Days"",""4-5 Working Days"",""3-4 Working Days"",""2-3 Working Days"",""4-5 Working Days"",""3-4 Working Days"",""2-3 Working Days"",""7-8 Working Days"",""4-5 Working Days"",""3-4 Working Days"",""2-3 Working Days"",""4-5 Working Days"",""3-4 Working Days"",""2-3 Working Days""]",1,1,"","[]",1,1,"","[]",1,1,"Corners","[""Square Corners"",""Rounded Corners"",""Rounded Corners"",""Square Corners"",""Rounded Corners""]",1,1